{
    "Fernan": {
        "vector": {
            "distancias": [
                2.2896676275078973,
                1.0192839440362922,
                0.9813665976444624,
                177.24094813741885
            ],
            "puntos_clave": {
                "frente": [
                    [
                        310.65656661987305,
                        149.57819938659668
                    ],
                    [
                        309.31020736694336,
                        169.5175266265869
                    ],
                    [
                        308.2208061218262,
                        192.2032070159912
                    ],
                    [
                        307.7585220336914,
                        202.49247550964355
                    ]
                ],
                "ojos_izq": [
                    [
                        254.11531448364258,
                        217.54752159118652
                    ],
                    [
                        285.9606170654297,
                        217.45795726776123
                    ],
                    [
                        263.07268142700195,
                        220.75919151306152
                    ],
                    [
                        268.9617919921875,
                        221.05504989624023
                    ],
                    [
                        274.84607696533203,
                        220.30307292938232
                    ],
                    [
                        280.45799255371094,
                        218.89888286590576
                    ]
                ],
                "ojos_der": [
                    [
                        330.99029541015625,
                        217.43173599243164
                    ],
                    [
                        365.6276321411133,
                        218.72527599334717
                    ],
                    [
                        355.0978088378906,
                        221.45846843719482
                    ],
                    [
                        348.79234313964844,
                        221.36781692504883
                    ],
                    [
                        342.61863708496094,
                        220.36242485046387
                    ],
                    [
                        336.8064880371094,
                        218.85196208953857
                    ]
                ],
                "nariz": [
                    [
                        303.33812713623047,
                        261.68023109436035
                    ],
                    [
                        303.610782623291,
                        253.33385467529297
                    ],
                    [
                        304.3335723876953,
                        242.6715087890625
                    ],
                    [
                        306.53024673461914,
                        217.8041124343872
                    ]
                ],
                "boca": [
                    [
                        271.1624336242676,
                        292.208776473999
                    ],
                    [
                        274.0037536621094,
                        290.9356212615967
                    ],
                    [
                        277.82997131347656,
                        289.59205627441406
                    ],
                    [
                        283.07973861694336,
                        288.0057907104492
                    ],
                    [
                        290.8169937133789,
                        286.7406463623047
                    ],
                    [
                        310.1726531982422,
                        287.5539207458496
                    ],
                    [
                        320.6876754760742,
                        289.78697776794434
                    ],
                    [
                        328.39839935302734,
                        291.934232711792
                    ],
                    [
                        339.30442810058594,
                        295.0279140472412
                    ],
                    [
                        334.67594146728516,
                        293.5522270202637
                    ]
                ],
                "mandibula": [
                    [
                        240.61058044433594,
                        312.41214752197266
                    ],
                    [
                        247.74730682373047,
                        323.3495235443115
                    ],
                    [
                        257.491397857666,
                        333.6126708984375
                    ],
                    [
                        266.18350982666016,
                        340.7260036468506
                    ],
                    [
                        275.577392578125,
                        346.6168785095215
                    ],
                    [
                        287.01854705810547,
                        350.6671142578125
                    ],
                    [
                        302.44054794311523,
                        352.4102210998535
                    ]
                ]
            },
            "dist_normalizacion": 75.4206603290001
        },
        "timestamp": "2025-04-01T19:36:05"
    },
    "Edgar": {
        "vector": {
            "distancias": [
                2.2155861330064686,
                1.053642035832255,
                0.9671582706629156,
                179.3446928799847
            ],
            "puntos_clave": {
                "frente": [
                    [
                        283.2732391357422,
                        142.51307487487793
                    ],
                    [
                        283.15637588500977,
                        167.95191764831543
                    ],
                    [
                        284.0583038330078,
                        196.97523593902588
                    ],
                    [
                        284.3190383911133,
                        208.52588653564453
                    ]
                ],
                "ojos_izq": [
                    [
                        217.6531982421875,
                        222.56645679473877
                    ],
                    [
                        257.6849937438965,
                        223.66491794586182
                    ],
                    [
                        229.96685028076172,
                        227.71315097808838
                    ],
                    [
                        237.6446533203125,
                        227.90794372558594
                    ],
                    [
                        244.97390747070312,
                        226.83992385864258
                    ],
                    [
                        251.6543197631836,
                        225.15789985656738
                    ]
                ],
                "ojos_der": [
                    [
                        310.2526092529297,
                        218.89188766479492
                    ],
                    [
                        351.48693084716797,
                        217.26694107055664
                    ],
                    [
                        337.0917510986328,
                        221.11138343811035
                    ],
                    [
                        329.1713333129883,
                        221.35103702545166
                    ],
                    [
                        322.2106170654297,
                        220.67037105560303
                    ],
                    [
                        315.9246253967285,
                        219.50443267822266
                    ]
                ],